1;MANUEL;./src/com/neuron/icons/logo/MANUEL.jpeg
2;RED HOT;./src/com/neuron/icons/logo/RED HOT.jpeg
3;DROGARIA;./src/com/neuron/icons/logo/DROGARIA.jpeg
4;ASTRONEER;./src/com/neuron/icons/logo/ASTRONEER.jpeg
5;CORSINHA;./src/com/neuron/icons/logo/CORSINHA.jpeg;./src/com/neuron/icons/logo/CORSINHA.jpeg
6;PRINT;./src/com/neuron/icons/logo/PRINT.jpeg
7;NFCE;./src/com/neuron/icons/logo/NFCE.jpeg
8;SOUNDGARDEN;./src/com/neuron/icons/logo/SOUNDGARDEN.jpeg
9;BINÉRIO;./src/com/neuron/icons/logo/BINÉRIO.jpeg
11;LOGOMARQIUNHO;./src/com/neuron/icons/logo/LOGOMARQIUNHO.jpeg
